CNES,CNPJ,RAZAOSOCIAL,NOMEDEFANTASIA,LOGRADOURO,NUMERO,COMPLEMENTO,BAIRRO,CEP,TELEFONE,FAX,EMAIL,LATITUDE,LONGITUDE,DATAATUALIZACAOCOORDENADAS,CODIGODAATIVIDADE,ATIVIDADEDEENSINO,TIPODAUNIDADE,TIPODEESTABELECIMENTO,CODIGODANATUREZAJURIDICA,DESCRICAODANATUREZAJURIDICA
7673329,,AFRANIO OLAVO D SILVA PINTO,AFRANIO OLAVO D SILVA PINTO,RUA SOROCABA,477,SALA 603,BOTAFOGO,22271110,2266-5044,2266-5044,marcus@mvvm.com.br,"-22.954168","-43.18944970000001",10/02/2015,04,UNIDADE SEM ATIVIDADE DE ENSINO,22,CONSULTORIO ISOLADO,4000,PESSOA FISICA
7589719,,ALDA BEZERRA DE LIMA,ALDA BEZERRA DE LIMA,LARGO DO MACHADO,29,SALA 517,CATETE,22220020,,,mcalmeida@openlink.com.br,"-22.930324","-43.17765639999999",24/09/2014,04,UNIDADE SEM ATIVIDADE DE ENSINO,22,CONSULTORIO ISOLADO,4000,PESSOA FISICA
7697945,,ANA PAULA CASSETTA DOS SANTOS NUCERA,ANA PAULA CASSETTA DOS SANTOS NUCERA,RUA GUARAPARI,41,SALA 404,MADUREIRA,21351120,24881110,,anacassetta@yahoo.com.br,"-22.8703558","-43.34190890000002",16/03/2015,04,UNIDADE SEM ATIVIDADE DE ENSINO,22,CONSULTORIO ISOLADO,4000,PESSOA FISICA
7291604,,ANA PAULA TAVARES DE SOUZA,ANA PAULA TAVARES DE SOUZA,RUA DOUTOR PACHE DE FARIA,21,SALA 201,MEIER,20710020,21 32877728,,aptsouza@gmail.com,"-22.9036687","-43.2771509",30/06/2013,04,UNIDADE SEM ATIVIDADE DE ENSINO,22,CONSULTORIO ISOLADO,4000,PESSOA FISICA
7316976,07769966000137,ANDRADE ZEQUE CLINICAS ASSOCIADAS LTDA,ANDRADE ZEQUE CLINICAS ASSOCIADAS,AVENIDA DAS AMERICAS,4200,BL 7 SALA 203B,BARRA DA TIJUCA,22640102,02131503264,,NCA_CONSULTORES@TERRA.COM.BR,"-23.0010245","-43.3859292",09/08/2013,04,UNIDADE SEM ATIVIDADE DE ENSINO,22,CONSULTORIO ISOLADO,2240,SOCIEDADE SIMPLES LIMITADA
7339356,,ANDRE COSTA LEITE,ANDRE COSTA LEITE,RUA MEXICO,31,SALA 1101,CENTRO,20031141,72361801,,andre_leite@superig.com.br,"-22.8703388","-43.34194020000001",24/02/2015,04,UNIDADE SEM ATIVIDADE DE ENSINO,22,CONSULTORIO ISOLADO,4000,PESSOA FISICA
7222629,10925271000101,BROWNE DE PAULA DENTISTAS ASSOCIADOS LTDA,BROWNE DE PAULA DENTISTAS ASSOCIADOS,RUA DEBRET,23,GRUPO 503,CENTRO,20030080,22409661,35492524,liliani@brownedepaula.com.br,"-22.9073688","-43.174218",09/04/2013,04,UNIDADE SEM ATIVIDADE DE ENSINO,36,CLINICA/CENTRO DE ESPECIALIDADE,2240,SOCIEDADE SIMPLES LIMITADA
3164896,02466430000129,CEDIR CENTRO DE DIAGNOSTICOS AVANCADOS RECREIO LTDA,CEDIR CENTRO DE DIAGNOSTICOS AVANCADOS RECREIO SHOPPING,AV. DAS AMERICAS,19019,SALA 370,RECREIO,22790701,2124900220,2124900266,cedir@cedirrecreio.com,"-22.9664957","-43.644047099999966",25/02/2014,04,UNIDADE SEM ATIVIDADE DE ENSINO,39,UNIDADE DE APOIO DIAGNOSE E TERAPIA (SADT ISOLADO),2062,SOCIEDADE EMPRESARIA LIMITADA
7023685,09656776000139,CENTRO CAD CENTRO CARIOCA DE ALERG DERMATO E SERV MED LTDA,CENTRO CAD,RUA MARIZ DE BARROS,1001,SALA 509,TIJUCA,20270004,(21)2568-5289,(21)2568-5289,almerymonteiro@oi.com.br,"-22.917043440564416","-43.22302579879761",,04,UNIDADE SEM ATIVIDADE DE ENSINO,36,CLINICA/CENTRO DE ESPECIALIDADE,2240,SOCIEDADE SIMPLES LIMITADA
7183720,27001312000257,CENTRO DE INVESTIGACOES DIAGNOSTICAS,CENTRO DE INVESTIGACOES DIAGNOSTICAS,AVENIDA DAS AMERICAS,4790,SALA 328,BARRA DA TIJUCA,22640102,25381281,,www.cidmed.com.br,"-22.9994335","-43.35932",30/01/2013,04,UNIDADE SEM ATIVIDADE DE ENSINO,22,CONSULTORIO ISOLADO,2232,SOCIEDADE SIMPLES PURA
7853475,42541029000120,CENTRO DE PSICOLOGIA DA PESSOA LTDA ME,CENTRO DE PSICOLOGIA DA PESSOA LTDA ME,AVENIDA NOSSA SENHORA DE COPACABANA,769,SALA 903,COPACABANA,22050002,2125581387,2125581387,humberto.junior@anajrcontab.com,"-22.9729082","-43.18787090000001",28/09/2015,04,UNIDADE SEM ATIVIDADE DE ENSINO,36,CLINICA/CENTRO DE ESPECIALIDADE,2240,SOCIEDADE SIMPLES LIMITADA
7180497,05563188000108,CENTRO DE REABILITACAO ORAL SC LTDA,CENTRO DE REABILITACAO ORAL,RUA SILVA RABELO,18,206,MEIER,20735080,2125937793,,CARDOSOGRUND2@GMAIL.COM,"-22.9015589","-43.2795675",05/02/2013,04,UNIDADE SEM ATIVIDADE DE ENSINO,22,CONSULTORIO ISOLADO,2240,SOCIEDADE SIMPLES LIMITADA
3149927,28580736000103,CENTRO MEDICO JUSEL DA PENHA LTDA,CENTRO MEDICO MATERNO INFANTIL DA PENHA,RUA APIAI,76,,PENHA CIRCULAR,21020080,(21)3884-9909,(21)2590-0773,juseldapenha@gmail.com,"-22.8346142","-43.281169999999975",07/05/2014,04,UNIDADE SEM ATIVIDADE DE ENSINO,36,CLINICA/CENTRO DE ESPECIALIDADE,2062,SOCIEDADE EMPRESARIA LIMITADA
7110219,68664341000103,CENTRO MEDICO NASCER E RENASCER S C LTDA,CENTRO MEDICO NASCER E RENASCER,RUA AURELIO VALPORTO,047,SALA 201,MARECHAL HERMES,21555560,38803559,,lexandraricha@terra.com.br,"-22.8588818","-43.3701276",17/09/2012,04,UNIDADE SEM ATIVIDADE DE ENSINO,22,CONSULTORIO ISOLADO,2240,SOCIEDADE SIMPLES LIMITADA
5353750,03791862000178,CENTRO OFTALMOLOGICO VILA DA PENHA LTDA,CENTRO OFTALMOLOGICO VILA DA PENHA,AV MERITI,2445,210 211,VILA DA PENHA,21211007,33518792,24811127,covprj@yahoo.com.br,"-22.8387648","-43.311607",06/08/2012,04,UNIDADE SEM ATIVIDADE DE ENSINO,36,CLINICA/CENTRO DE ESPECIALIDADE,2240,SOCIEDADE SIMPLES LIMITADA
7267487,15164029000186,CEO CENTRO ODONTOLOGICO LTDA,CEO CENTRO ODONTOLOGICO,RUA FRANCISCO REAL,1950,SSL 124,BANGU,21810042,31733173,,jailson@gmail.com,"-22.8650069","-43.29357060000001",10/07/2015,04,UNIDADE SEM ATIVIDADE DE ENSINO,22,CONSULTORIO ISOLADO,2240,SOCIEDADE SIMPLES LIMITADA
5618932,08869597000117,ONCO GEN RIO ONCOLOGIA LTDA ME,CEOGEN - CENTRO ESPECIALIZADO EM ONCOLOGIA E GENETICA,RUA BAMBINA,124,T01,BOTAFOGO,22251050,22465810,,oncogenrio@gmail.com,"-22.9472812","-43.185935900000004",20/10/2015,04,UNIDADE SEM ATIVIDADE DE ENSINO,36,CLINICA/CENTRO DE ESPECIALIDADE,2240,SOCIEDADE SIMPLES LIMITADA
7310005,,CERES MARIA DE FRANCA BEZERRA,CERES MARIA DE FRANCA BEZERRA,AVENIDA TREZE DE MAIO,23,SALA 1108,CENTRO,20031902,2125442518,,ceres2004@uol.com.br,"-22.9090741","-43.1770539",01/08/2013,04,UNIDADE SEM ATIVIDADE DE ENSINO,22,CONSULTORIO ISOLADO,4000,PESSOA FISICA
7180500,10922058000227,CID SERVICOS MEDICOS ESPECIALIZADOS,CID CENTRO DE INFUSAO,AVENIDA DAS AMERICAS,4790,SALA 329,BARRA DA TIJUCA,22640102,,,nuno.rcom@gmail.com,"-22.9994335","-43.35932",30/01/2013,04,UNIDADE SEM ATIVIDADE DE ENSINO,22,CONSULTORIO ISOLADO,2232,SOCIEDADE SIMPLES PURA
5409373,72227473000137,CLINICA DE OLHOS OCTAVIO MOURA BRASIL,CLINICA DE OLHOS OCTAVIO MOURA BRASIL CENTRO,RUA MEXICO,98,11 ANDAR,CENTRO,20031141,21 3235-9841,,comourabrasil@veloxmail.com.br,"-22.9095364","-43.1750167",02/08/2012,04,UNIDADE SEM ATIVIDADE DE ENSINO,62,HOSPITAL/DIA - ISOLADO,2232,SOCIEDADE SIMPLES PURA
7222807,16737503000184,ABUD E ESCOBAR OFTALMOLOGISTAS ASSOCIADOS LTDA,CLINICA DE OLHOS VOLUNTARIOS DA PATRIA,RUA VOLUNTARIOS DA PATRIA,45,SALA 1102,BOTAFOGO,22270000,2125379189,2135793443,bruno_abud@hotmail.com,"-22.9509088","-43.183222",29/03/2013,04,UNIDADE SEM ATIVIDADE DE ENSINO,22,CONSULTORIO ISOLADO,2240,SOCIEDADE SIMPLES LIMITADA
6084702,09128373000117,CLINICA E CIRURGIA DE OLHOS DR JOSE RENATO NOGUEIRA LTDA,CLINICA E CIRURGIA DE OLHOS DR JOSE RENATO NOGUEIRA,AVENIDA NOSSA SENHORA DE COPACABANA,647,CONJUNTO 901,COPACABANA,22051001,22552239,22552239,jrenatonog@gmail.com,"-22.9708702","-43.18630559999997",07/03/2015,04,UNIDADE SEM ATIVIDADE DE ENSINO,36,CLINICA/CENTRO DE ESPECIALIDADE,2232,SOCIEDADE SIMPLES PURA
6975569,05728075000107,FISIO RESISTENCIA MUSCULAR E SAUDE LTDA ME,CLINICA FISIO RM SAUDE,AV NOSSA SENHORA DE COPACABANA,807,1005 1006,COPACABANA,22050001,(021) 2255-3171,021 22553171,RMUSIALOWSKI@HOTMAIL.COM,"-22.9736584","-43.18843529999998",06/02/2014,04,UNIDADE SEM ATIVIDADE DE ENSINO,36,CLINICA/CENTRO DE ESPECIALIDADE,2240,SOCIEDADE SIMPLES LIMITADA
7403844,08113442000156,CLINICA GUADALUPE LTDA,CLINICA GUADALUPE,RUA LUIZ COUTINHO CAVALCANTE,214,,GUADALUPE,21675310,2133908258,2124585188,JUCECADI2009@GMAIL.COM,"-22.8457667","-43.374108999999976",19/12/2013,04,UNIDADE SEM ATIVIDADE DE ENSINO,22,CONSULTORIO ISOLADO,2240,SOCIEDADE SIMPLES LIMITADA
6700977,08969799000130,CLINICA MEDICA DRA LUCIANA PALMA LTDA EPP,CLINICA MEDICA DRA LUCIANA PALMA,RUA MEXICO,41,SALA 1801,CENTRO,20031144,22203846,,,"-22.9113191","-43.174514199999976",08/07/2015,04,UNIDADE SEM ATIVIDADE DE ENSINO,36,CLINICA/CENTRO DE ESPECIALIDADE,2240,SOCIEDADE SIMPLES LIMITADA
7591144,18636396000123,CLINICA MEDICA POUR LA FEMME LTDA,CLINICA MEDICA POUR LA FEMME,RUA SETE DE SETEMBRO,55,CONJUNTO 203,CENTRO,22040020,25075915,25075915,contato@saudeparamulher.com.br,"-22.9044235","-43.17668850000001",26/09/2014,04,UNIDADE SEM ATIVIDADE DE ENSINO,36,CLINICA/CENTRO DE ESPECIALIDADE,2062,SOCIEDADE EMPRESARIA LIMITADA
6654029,00207913000183,CLINICA MEDICA SANTA ELIZABETH LTDA,CLINICA MEDICA SANTA ELIZABETH,RUA MIGUEL ANGELO,458,,CACHAMBI,20785223,25014260,31853515,climese@hotmail.com,"-22.8873152","-43.2657974",24/10/2013,04,UNIDADE SEM ATIVIDADE DE ENSINO,22,CONSULTORIO ISOLADO,2240,SOCIEDADE SIMPLES LIMITADA
7678487,19901808000178,CLINICA MEDICA VALQUEIRE LTDA EPP,CLINICA MEDICA VALQUEIRE,RUA DAS ROSAS,95,SL 305,VILA VALQUEIRE,21330680,31973544,,,"-22.8793315","-43.36326980000001",02/02/2015,04,UNIDADE SEM ATIVIDADE DE ENSINO,22,CONSULTORIO ISOLADO,2062,SOCIEDADE EMPRESARIA LIMITADA
7789718,21743633000160,CLINICA ODONTO CENTRAL LTDA ME,CLINICA ODONTO CENTRAL,AVN RIO BRANCO,156,SALA 839,CENTRO,20040003,2125323618,,odontocentralrj@gmail.com,"-22.9061042","-43.17765829999996",03/07/2015,04,UNIDADE SEM ATIVIDADE DE ENSINO,22,CONSULTORIO ISOLADO,2062,SOCIEDADE EMPRESARIA LIMITADA
6954618,14727221000170,CLINICA ODONTOLOGICA TATHIANY ALMEIDA LTDA ME,CLINICA ODONTOLOGICA TATHIANY ALMEIDA,AV PASTOR MARTIN LUTHER KING JR,126,BL 1 SL 377 A,DEL CASTILHO,20765000,2130831700,,tathyfranco@hotmail.com,"-22.8803059","-43.2697739",01/03/2013,04,UNIDADE SEM ATIVIDADE DE ENSINO,36,CLINICA/CENTRO DE ESPECIALIDADE,2240,SOCIEDADE SIMPLES LIMITADA
6139965,03982681000129,CLINICA OFTALMOLOGICA OCTAVIO MOURA BRASIL,CLINICA OFTALMOLOGICA OCTAVIO MOURA BRASIL ILHA,ESTRADA DO GALEAO,2500,BL A SL 204 206,ILHA DO GOVERNADOR,21931522,2222-1894,,administracao@mourabrasil.com.br,"-22.9095364","-43.1750167",02/08/2012,04,UNIDADE SEM ATIVIDADE DE ENSINO,36,CLINICA/CENTRO DE ESPECIALIDADE,2232,SOCIEDADE SIMPLES PURA
7646208,,HEBER FERREIRA PRADO,CONSULTORIO DENTARIO HEBER FERREIRA PRADO,ESTRADA DO CAMPINHO,298,,CAMPO GRANDE,23070220,2124131442,2121432970,heber.sp@globo.com,"-22.9016829","-43.570710599999984",02/12/2014,04,UNIDADE SEM ATIVIDADE DE ENSINO,22,CONSULTORIO ISOLADO,4000,PESSOA FISICA
7489684,,CONSULTORIO DR ARISTAUZIRO FERREIRA DE OLIVEIRA,CONSULTORIO DR ARISTAUZIRO FERREIRA DE OLIVEIRA,AVENIDA NOSSA SENHORA DE COPACABANA,647,SALA 1004,COPACABANA,22050001,2235-4593,2256-9770,zirooliveira@uol.com.br,"-22.867238875036896","-43.44194769859314",04/01/2013,04,UNIDADE SEM ATIVIDADE DE ENSINO,22,CONSULTORIO ISOLADO,4000,PESSOA FISICA
7367961,,LEANDRO DA SILVA MAMEDIR,CONSULTORIOS PSICOLOGIA E FONOAUDIOLOGIA,AVENIDA MARIA TERESA,260,BL II PREMIUM SL 506,CAMPO GRANDE,23050160,21-2412-9724,,psicomamedir@gmail.com.br,"-22.9055394","-43.5660286",04/10/2013,04,UNIDADE SEM ATIVIDADE DE ENSINO,22,CONSULTORIO ISOLADO,4000,PESSOA FISICA
7267541,01740697000108,CPG SERVICOS MEDICOS S C LTDA,CPG SERVICOS MEDICOS,RUA MEXICO,21,AP 1901,CENTRO,20031141,25729512,,fgomes@gmail.com,"-22.9116369","-43.1742198",13/06/2013,04,UNIDADE SEM ATIVIDADE DE ENSINO,22,CONSULTORIO ISOLADO,2240,SOCIEDADE SIMPLES LIMITADA
7124929,14768450000133,CR ODONTOLOGIA LTDA,CR ODONTOLOGIA,RUA GALDINO PIMENTEL,223,,MEIER,20735280,31830687,,,"-22.902407401228334","-43.28691601753235",23/08/2012,04,UNIDADE SEM ATIVIDADE DE ENSINO,22,CONSULTORIO ISOLADO,2240,SOCIEDADE SIMPLES LIMITADA
7496087,,CRISTIANE GUIMARAES MARQUES,CRISTIANE GUIMARAES MARQUES,RUA BARATA RIBEIRO,383,SALA 602,COPACABANA,22040001,2125490821,,crisgmarques@ig.com.br,"-22.9683136","-43.1852255",09/05/2014,04,UNIDADE SEM ATIVIDADE DE ENSINO,22,CONSULTORIO ISOLADO,4000,PESSOA FISICA
5762790,00826252000174,CUIDAR HCW SERVICOS DE SAUDE LTDA,CUIDAR HOME CARE,AV GUILHERME DE ALMEIDA,780,,RECREIO DOS BANDEIRA,22790100,2125680609,2125657520,FATIMAPESSOA@CUIDARHOMECARE.COM.BR,"-23.0187437","-43.45428530000004",14/10/2014,04,UNIDADE SEM ATIVIDADE DE ENSINO,77,SERVICO DE ATENCAO DOMICILIAR ISOLADO(HOME CARE),2062,SOCIEDADE EMPRESARIA LIMITADA
7559372,10473952000186,DERMODENTE CLINICA ESPECIALIZADA LTDA,DERMODENTE CLINICA ESPECIALIZADA,PRACA OLAVO BILAC,28,SALA 912,CENTRO,20041010,33912904,33912904,DERMODENTE@HOTMAIL.COM,"-22.9035322","-43.17996700000003",28/07/2014,04,UNIDADE SEM ATIVIDADE DE ENSINO,36,CLINICA/CENTRO DE ESPECIALIDADE,2062,SOCIEDADE EMPRESARIA LIMITADA
7023871,15144359000100,DRA ANDREA CAMPAGNOLO CENTRO DE DIAG EM OTORRINO E CLIN MED,DRA ANDREA OTORRINOLARINGOLOGISTA,RUA VISCONDE DE PIRAJA,452,SALA 207,IPANEMA,22410002,(21) 3936-2052,,almerymonteiro@oi.com.br,"-22.917043440564416","-43.22302579879761",,04,UNIDADE SEM ATIVIDADE DE ENSINO,36,CLINICA/CENTRO DE ESPECIALIDADE,2240,SOCIEDADE SIMPLES LIMITADA
7543727,17450181000150,DRABLE MEDICOS ASSOCIADOS,DRABLE MEDICOS ASSOCIADOS,AV NELSON CARDOSO,1149,SALA 322,TAQUARA,22730900,2269-1296,,drablemedicos@gmail.com,"-22.9219613","-43.37102679999998",17/07/2014,04,UNIDADE SEM ATIVIDADE DE ENSINO,22,CONSULTORIO ISOLADO,2232,SOCIEDADE SIMPLES PURA
7047460,08281556000105,EIRAS SERVICOS MEDICOS LTDA EPP,EIRAS SERVICOS MEDICOS,AV DAS AMERICAS,4801,SALA 208,BARRA DA TIJUCA,22631004,33253871,,eirascamila@gmail.com,"-23.0002458","-43.3612634",,04,UNIDADE SEM ATIVIDADE DE ENSINO,22,CONSULTORIO ISOLADO,2240,SOCIEDADE SIMPLES LIMITADA
6103413,08712502000157,ELETRONEUROCOR PRESTACAO DE SERVICOS MEDICOS,ELETRONEUROCOR,AVENIDA MARTIN LUTHER KING JUNIOR,126,BL 01 SL 362 A,DEL CASTILHO,20765000,30831716,,pnucera@oi.com.br,"-22.8779867","-43.27194259999999",24/02/2015,04,UNIDADE SEM ATIVIDADE DE ENSINO,36,CLINICA/CENTRO DE ESPECIALIDADE,2232,SOCIEDADE SIMPLES PURA
7379684,,GERALDO ANTONIO CORREA,ESPACO TERAPEUTICO GERALDO CORREA,RUA CAROLINA MACHADO,542,,MADUREIRA,22211200,2122050164,,,"-22.8746985","-43.3401006",26/10/2013,04,UNIDADE SEM ATIVIDADE DE ENSINO,22,CONSULTORIO ISOLADO,4000,PESSOA FISICA
6810969,07503313000101,FUNDACAO AMELIA DIAS DE ASSIS AO M E A P N ESPECIAIS FAMAD,FAMAD,RUA JAPURA,115,,PRACA SECA,21320000,21 2464-3147,21 2464-3147,sandportugal@hotmail.com,"-22.892787441886412","-43.34307974907381",28/04/2015,04,UNIDADE SEM ATIVIDADE DE ENSINO,36,CLINICA/CENTRO DE ESPECIALIDADE,3069,FUNDACAO PRIVADA
7675712,86772753000130,FISIOTERAPIA BRASIL PORTUGAL EPP,FISIOTERAPIA BRASIL PORTUGAL,RUA JOSE DOS REIS,49,,ENGENHO DE DENTRO,20770061,2196416-3003,,fisiobp@gmail.com,"-22.8948683","-43.2956628",12/02/2015,04,UNIDADE SEM ATIVIDADE DE ENSINO,39,UNIDADE DE APOIO DIAGNOSE E TERAPIA (SADT ISOLADO),2062,SOCIEDADE EMPRESARIA LIMITADA
7402589,19064473000180,CLAUDIA MOREIRA CESAR ME,FONART ESPACO FONOAUDIOLOGIA APLICADA E SAUDE INTEGRAL,RUA DIAS DA CRUZ,185,SALA 226,MEIER,20720010,3472-9731,,claumcesar@globo.com,"-22.903006","-43.28221339999999",13/12/2013,04,UNIDADE SEM ATIVIDADE DE ENSINO,22,CONSULTORIO ISOLADO,2135,EMPRESARIO (INDIVIDUAL)
7835817,02946662000184,GENERAL MED LTDA EPP,GENERAL MED,ESTRADA DO PORTELA,99,SALA 304,MADUREIRA,21351050,3359-2922,3018-1419,lcferreira@clrcontabil.com.br,"-22.8731549","-43.33909840000001",25/08/2015,04,UNIDADE SEM ATIVIDADE DE ENSINO,22,CONSULTORIO ISOLADO,2240,SOCIEDADE SIMPLES LIMITADA
7691041,,GIRLEIDE SOUTO DE OLIVEIRA,GIRLEIDE SOUTO DE OLIVEIRA,AV AFRANIO DE MELO FRANCO,141,SALA 406,LEBLON,22430060,2122949620,2125116945,girleidesouto@gmail.com,"-22.9826492","-43.21813950000001",09/03/2015,04,UNIDADE SEM ATIVIDADE DE ENSINO,22,CONSULTORIO ISOLADO,4000,PESSOA FISICA
6084893,04689963000103,CEVERJ CENTRO DE VIDEOENDOSCOPIA DO RIO DE JANEIRO,GRUPO CEVERJ HISTEROLAP,AV DOM HELDER CAMARA,5644,SALA 810 811,PILARES,20771004,22690682,39790154,kmartins@grupoceverj-histerolap.com.br,"-22.88731511111851","-43.2855749130249",14/11/2013,04,UNIDADE SEM ATIVIDADE DE ENSINO,22,CONSULTORIO ISOLADO,2240,SOCIEDADE SIMPLES LIMITADA
7312288,00482485000105,CLINICA ODONTOLOGICA SAO VICTOR EIRELI,HOSPITAL DO DENTE,RUA SOLDADO JOAO PECANHA,05,,CAMPO GRANDE,23042385,2133646571,,hospitaldente24h@gmail.com,"-22.9277619","-43.5552896",08/08/2013,04,UNIDADE SEM ATIVIDADE DE ENSINO,22,CONSULTORIO ISOLADO,2305,EMPRESA INDIVIDUAL DE RESPONSABILIDADE LIMITADA (DE NATUREZA EMPRESARIA)
7788177,09312628000105,INSTITUTO FISIOHUMAN DE PROGRAMAS DE SAUDE E ERGONOMIA LTDA,INSTITUTO FISIOHUMAN,ESTRADA DO GUERENGUE,1142,LOTE 4 CASA 4,TAQUARA,22713004,24568138,24568138,malufisio1@gmail.com,"-22.9321433","-43.380950799999994",21/07/2015,04,UNIDADE SEM ATIVIDADE DE ENSINO,36,CLINICA/CENTRO DE ESPECIALIDADE,2240,SOCIEDADE SIMPLES LIMITADA
5170729,32093775000145,INSTITUTO ORTOPEDICO DA TIJUCA LTDA,INSTITUTO ORTOPEDICO DA TIJUCA,RUA DR PEREIRA DOS SANTOS,14,,TIJUCA,20520170,25758911,25758911,,"-22.9257568","-43.233558200000004",11/06/2015,04,UNIDADE SEM ATIVIDADE DE ENSINO,36,CLINICA/CENTRO DE ESPECIALIDADE,2240,SOCIEDADE SIMPLES LIMITADA
7788258,,ISABELLA COUTINHO TEIXEIRA,ISABELLA COUTINHO TEIXEIRA,RUA ENGENHEIRO TRINDADE,99,SALA 402,CAMPO GRANDE,23050290,25075294,,,"-22.9032545","-43.56483129999998",18/06/2015,04,UNIDADE SEM ATIVIDADE DE ENSINO,22,CONSULTORIO ISOLADO,4000,PESSOA FISICA
7632711,,JOSE HORACIO TEIXEIRA DE CARVALHO,J HORACIO T DE CARVALHO,ESTRADA DE JACAREPAGUA,7709,SALAS 409 410 411,FREGUESIA JACAREPAG,22753045,24471290,,jhtcarvalho@yahoo.com.br,"-22.9417509","-43.3419207",06/11/2014,04,UNIDADE SEM ATIVIDADE DE ENSINO,22,CONSULTORIO ISOLADO,4000,PESSOA FISICA
7267428,,JAILSON JOSE MOREIRA,JAILSON JOSE MOREIRA,RUA CAROEN,11,SALA 216,PENHA CIRCULAR,21210340,31379059,,jailsongmail.com,"-22.8650069","-43.29357060000001",10/07/2015,04,UNIDADE SEM ATIVIDADE DE ENSINO,22,CONSULTORIO ISOLADO,4000,PESSOA FISICA
7694377,,JOSE FERNANDO CALLIJAO ARAUJO,JOSE FERNANDO CALLIJAO ARAUJO,RUA MANUELA BARBOSA,43,SALAS 301 E 302,MEIER,20735110,2224972,,,"-22.9013518","-43.2820031",18/03/2015,04,UNIDADE SEM ATIVIDADE DE ENSINO,22,CONSULTORIO ISOLADO,4000,PESSOA FISICA
7107773,40393761000418,LAB ANAL CLIN PROF JOAO CIRIBELLI GUIMARAES LDTA EPP,LAB CIRIBELLI,AVENIDA PRESIDENTE VARGAS,529,1504 E 1505,CENTRO,20071003,21-30911554,21-22732397,atendimento@labciribelli.com.br,"-22.902003","-43.1803349",21/08/2012,04,UNIDADE SEM ATIVIDADE DE ENSINO,39,UNIDADE DE APOIO DIAGNOSE E TERAPIA (SADT ISOLADO),2240,SOCIEDADE SIMPLES LIMITADA
7421028,31887136000946,LABORATORIO RICHET PESQUISAS DE PHYSIOPATHOLOGIA HUMANA LTDA,LABORATORIO RICHET CENTRO,PRC MAHATMA GANDHI,02,GRP 201 E 202,CENTRO,20031100,(21) 3184-3000,,qualidade@richet.com.br,"-22.9083734","-43.17306959999996",13/01/2014,04,UNIDADE SEM ATIVIDADE DE ENSINO,39,UNIDADE DE APOIO DIAGNOSE E TERAPIA (SADT ISOLADO),2062,SOCIEDADE EMPRESARIA LIMITADA
7492839,,LELIA TOZZATTO,LELIA TOZZATTO,RUA SIQUEIRA CAMPOS,43,SALA 716,COPACABANA,22031071,2122361610,,ltozzatto@ig.com.br,"-22.9695206","-43.18451809999999",30/04/2014,04,UNIDADE SEM ATIVIDADE DE ENSINO,22,CONSULTORIO ISOLADO,4000,PESSOA FISICA
7658915,,LEONEL DE OLIVEIRA FERREIRA,LEONEL DE OLIVEIRA FERREIRA,RUA CAROEM,11,SL 321 322,PENHA,21210340,999850083,,leonel.ferreira@globo.com,"-23.95689312782526","-43.053014662500004",15/01/2015,04,UNIDADE SEM ATIVIDADE DE ENSINO,22,CONSULTORIO ISOLADO,4000,PESSOA FISICA
5185378,40297269000104,LIFE IMAGEM DIAG POR IMAGEM CLIN MED E PARTICIPACOES S A,LIFE IMAGEM MATRIZ,RUA MARECHAL JOFRE,30,PARTE,GRAJAU,20560185,2122126200,2122126200,lifeimagem@lifeimagem.com.br,"-22.9294117","-43.2316748",13/05/2013,04,UNIDADE SEM ATIVIDADE DE ENSINO,39,UNIDADE DE APOIO DIAGNOSE E TERAPIA (SADT ISOLADO),2054,SOCIEDADE ANONIMA FECHADA
6655130,40297269001178,LIFE IMAGEM DIAG POR IMAGEM CLIN MED E PARTICIPACOES S A,LIFE IMAGEM UNIDADE BARRA DA TIJUCA,AVENIDA DAS AMERICAS,3665,LOJA 101 A,BARRA DA TIJUCA,22631003,2122126200,2122126200,lifeimagem@lifeimagem.com.br,"-23.0003974","-43.3497264",13/05/2013,04,UNIDADE SEM ATIVIDADE DE ENSINO,39,UNIDADE DE APOIO DIAGNOSE E TERAPIA (SADT ISOLADO),2240,SOCIEDADE SIMPLES LIMITADA
6177085,40297269000953,LIFE IMAGEM DIAG POR IMAGEM CLIN MED E PARTICIPACOES S A,LIFE IMAGEM UNIDADE CAMPO GRANDE,AVENIDA CESARIO DE MELO,3045,,CAMPO GRANDE,23050101,2122126200,2131981500,lifeimagem@lifeimagem.com.br,"-22.9072523","-43.5614807",13/05/2013,04,UNIDADE SEM ATIVIDADE DE ENSINO,39,UNIDADE DE APOIO DIAGNOSE E TERAPIA (SADT ISOLADO),2240,SOCIEDADE SIMPLES LIMITADA
3230465,40297269000520,LIFE IMAGEM DIAG POR IMAGEM CLIN MED E PARTICIPACOES S A,LIFE IMAGEM UNIDADE CENTRO,AVENIDA GRACA ARANHA,416,GRUPO 214,CENTRO,20030903,2122126200,2122126200,lifeimagem@lifeimagem.com.br,"-22.9062098","-43.1750921",13/05/2013,04,UNIDADE SEM ATIVIDADE DE ENSINO,39,UNIDADE DE APOIO DIAGNOSE E TERAPIA (SADT ISOLADO),2240,SOCIEDADE SIMPLES LIMITADA
5303672,40297269000600,LIFE IMAGEM DIAG POR IMAGEM CLIN MED E PARTICIPACOES S A,LIFE IMAGEM UNIDADE TIJUCA,RUA CONDE DE BONFIM,300,1 AND PART E 2 ANDAR,TIJUCA,20520054,2122126200,2122126200,lifeimagem@lifeimagem.com.br,"-22.923041684780624","-43.231340646743774",13/05/2013,04,UNIDADE SEM ATIVIDADE DE ENSINO,39,UNIDADE DE APOIO DIAGNOSE E TERAPIA (SADT ISOLADO),2240,SOCIEDADE SIMPLES LIMITADA
7658907,,LUIZ FERNANDO GONCALVES EUZEBIO,LUIZ FERNANDO GONCALVES EUZEBIO,AV NOSSA SENHORA DE COPACABANA,583,SALA 1214,COPACABANA,22050002,22551169,,irianbio@yahoo.com.br,"-22.9692715","-43.184850600000004",15/01/2015,04,UNIDADE SEM ATIVIDADE DE ENSINO,22,CONSULTORIO ISOLADO,4000,PESSOA FISICA
7069898,15302563000101,MARCOS GOBO CIRURGIA PLASTICA EPP,MARCOS GOBO CIRURGIA PLASTICA,RUA VISCONDE DE PIRAJA,595,SALA 1307,IPANEMA,22410003,22394529,,consultoriodrmarcosgobbo@hotmail.com,"-22.9836972","-43.2142111",15/01/2014,04,UNIDADE SEM ATIVIDADE DE ENSINO,22,CONSULTORIO ISOLADO,2313,EMPRESA INDIVIDUAL DE RESPONSABILIDADE LIMITADA (DE NATUREZA SIMPLES)
7836368,,MARIA DAS GRACAS FREIRE VERA,MARIA DAS GRACAS FREIRE VERA,RUA ARQUIAS CORDEIRO,324,SALA 706,MEIER,20770000,21-32732478,,marcos_asouza@oi.com.br,"-22.901806","-43.27741600000002",17/09/2015,04,UNIDADE SEM ATIVIDADE DE ENSINO,22,CONSULTORIO ISOLADO,4000,PESSOA FISICA
7399979,,MARIA JOSE CARVALHO RORIZ,MARIA JOSE CARVALHO RORIZ,AV BRAS DE PINA,24,SALA 506,PENHA,21070032,22603497,22603497,mjroriz@awlmed.com.br,"-22.8413326","-43.27708419999999",09/12/2013,04,UNIDADE SEM ATIVIDADE DE ENSINO,22,CONSULTORIO ISOLADO,4000,PESSOA FISICA
7675704,09401071000170,MEMORIAL SAKAE MAKI ACUPUNTURA LTDA,MEMORIAL SAKAE MAKI ACUPUNTURA,RUA JOSE DOS REIS,17,PARTE,ENGENHO DE DENTRO,20756115,2199983-6343,,acupunturamaki@gmail.com,"-22.895145","-43.29584",12/02/2015,04,UNIDADE SEM ATIVIDADE DE ENSINO,22,CONSULTORIO ISOLADO,2240,SOCIEDADE SIMPLES LIMITADA
7725590,,MICHELLE BIANCA LIMA DE MIRANDA,MICHELLE BIANCA LIMA DE MIRANDA,AVENIDA MERITI,1795,SALA 203,VILA DA PENHA,21211007,21 34572884,,michellelim@ig.com.br,"-22.8425565","-43.31377229999998",09/03/2015,04,UNIDADE SEM ATIVIDADE DE ENSINO,22,CONSULTORIO ISOLADO,4000,PESSOA FISICA
2269880,00394544020291,MS HGB HOSPITAL GERAL DE BONSUCESSO,MS HOSPITAL GERAL DE BONSUCESSO,AV LONDRES,616,PREDIO 4 5 ANDAR DG,BONSUCESSO,21041030,(21)39779502,(21)39779884,ddoc_hgb@hgb.rj.saude.gov.br,"-22.8662758","-43.2479833",06/06/2013,03,UNIDADE AUXILIAR DE ENSINO,05,HOSPITAL GERAL,1015,ORGAO PUBLICO DO PODER EXECUTIVO FEDERAL
2280132,00394544021344,MS INC INSTITUTO NACIONAL DE CARDIOLOGIA,MS INC INSTITUTO NACIONAL DE CARDIOLOGIA,RUA DAS LARANJEIRAS,374,2 ANDAR,LARANJEIRAS,22240006,(21)30372152,(21)30372155,,"-22.9368299","-43.1903956",,03,UNIDADE AUXILIAR DE ENSINO,07,HOSPITAL ESPECIALIZADO,1015,ORGAO PUBLICO DO PODER EXECUTIVO FEDERAL
2273454,,MS INCA HC I HOSPITAL DO CANCER I,MS INCA HOSPITAL DO CANCER I,PRACA CRUZ VERMELHA,23,,CENTRO,20230130,(21)32071000,(21)25097844,fatura@inca.gov.br,"-22.912327171674167","-43.188587576150894",13/07/2012,03,UNIDADE AUXILIAR DE ENSINO,07,HOSPITAL ESPECIALIZADO,1015,ORGAO PUBLICO DO PODER EXECUTIVO FEDERAL
6104053,03134856000148,NEUROTORAX PRESTACAO DE SERVICOS MEDICOS S S,NEUROTORAX,RUA GUARAPARI,41,SALA 406,MADUREIRA,21351120,24881110,,pnucera@oi.com.br,"-22.8703388","-43.34194020000001",24/02/2015,04,UNIDADE SEM ATIVIDADE DE ENSINO,36,CLINICA/CENTRO DE ESPECIALIDADE,2232,SOCIEDADE SIMPLES PURA
7658729,,NIVEA REGINA NASCIMENTO SILVA,NIVEA REGINA NASCIMENTO SILVA,AVENIDA RIO BRANCO,245,SALA 3004,CENTRO,20040009,25331379,,negreiros.rogerio72@gmail.com,"-22.9114922","-43.17524130000004",18/12/2014,04,UNIDADE SEM ATIVIDADE DE ENSINO,22,CONSULTORIO ISOLADO,4000,PESSOA FISICA
7679580,,PAULA COSTA LEITE,PAULA COSTA LEITE,RUA MEXICO,31,SALA 1101,CENTRO,20031904,32150859,,paula.leite@superig.com.br,"-22.8703388","-43.34194020000001",24/02/2015,04,UNIDADE SEM ATIVIDADE DE ENSINO,22,CONSULTORIO ISOLADO,4000,PESSOA FISICA
7697937,,PAULO ALBERTO NUCERA,PAULO ALBERTO NUCERA,AVN MARTIN LUTHER KING JR,126,BL 01 SALA 362 A,DEL CASTILHO,20765000,3083 1776,,pnucera@oi.com.br,"-22.8703558","-43.34190890000002",16/03/2015,04,UNIDADE SEM ATIVIDADE DE ENSINO,22,CONSULTORIO ISOLADO,4000,PESSOA FISICA
7491239,,PAULO CESAR MONTEIRO,PAULO CESAR MONTEIRO,RUA DIAS DA CRUZ,147,COBERTURA 02,MEIER,20720010,2125957264,2125957264,antoniocgrocha@yahoo.com.br,"-22.9025718","-43.2812275",27/04/2014,04,UNIDADE SEM ATIVIDADE DE ENSINO,22,CONSULTORIO ISOLADO,4000,PESSOA FISICA
5177820,33360298000108,PROSIL CLINICA MEDICA INFANTIL DA LEOPOLDINA LTDA,PROSIL CLINICA MEDICA INFANTIL DA LEOPOLDINA,RUA DR MIGUEL VIEIRA FERREIRA,266,,RAMOS,21060090,(21) 2560-6064,(21) 2561-8818,carlospessanha@terra.com.br,"-22.8553314","-43.2623191",14/12/2012,04,UNIDADE SEM ATIVIDADE DE ENSINO,07,HOSPITAL ESPECIALIZADO,2062,SOCIEDADE EMPRESARIA LIMITADA
7675682,20966646000135,RH HEALTH CONSULTORIA EM SAUDE SAUDE OCUPACIONAL LTDA,RH HEALTH CONSULTORIA EM SAUDE SAUDE OCUPACIONAL,RUA MEXICO,21,SALAS 1701 E 1702,CENTRO,20031144,21 21695850,,eduardo@rhhealth.com.br,"-22.911658","-43.174370599999975",10/02/2015,04,UNIDADE SEM ATIVIDADE DE ENSINO,22,CONSULTORIO ISOLADO,2062,SOCIEDADE EMPRESARIA LIMITADA
7420943,,RONALDO SURRAGE,RONALDO SURRAGE,AVENIDA RIO BRANCO,156,SALA 1705,CENTRO,20040003,2262-7381,2532-2601,surrage43@hotmail.com,"-22.9066267","-43.17704250000003",17/01/2014,04,UNIDADE SEM ATIVIDADE DE ENSINO,22,CONSULTORIO ISOLADO,4000,PESSOA FISICA
6140904,02804531000162,OLHOCLIN SERVICOS MEDICOS ESPECIALIZADOS,SALEME CONSULTORIOS MEDICOS,ESTRADA DO GALEAO,1280,SALA 303,ILHA DO GOVERNADOR,21931522,,,,"-22.8588818","-43.3701276",17/09/2012,04,UNIDADE SEM ATIVIDADE DE ENSINO,22,CONSULTORIO ISOLADO,2240,SOCIEDADE SIMPLES LIMITADA
7517041,,SANDRA OLIVEIRA FERRAO,SANDRA OLIVEIRA FERRAO,AVN EVANDRO LINS E SILVA,840,SALA 708,BARRA DA TIJUCA,22631470,999570422,,sandrapsi22@gmail.com,"-23.0065706","-43.32972029999996",08/06/2014,04,UNIDADE SEM ATIVIDADE DE ENSINO,22,CONSULTORIO ISOLADO,4000,PESSOA FISICA
7609205,,SARAH RESENDE CANTARINI DE OLIVEIRA,SARAH RESENDE CANTARINI DE OLIVEIRA,AV. RIO BRANCO,156,SALA 1408,CENTRO,20040003,21 2532-5892,,adayr@terra.com.br,"-22.9095364","-43.1750167",02/08/2012,04,UNIDADE SEM ATIVIDADE DE ENSINO,22,CONSULTORIO ISOLADO,4000,PESSOA FISICA
2270617,42498717001470,SES RJ IEDS INSTITUTO ESTADUAL DE DERMATOLOGIA SANITARIA,SES HOSPITAL DE DERMATOLOGIA SANITARIA,RUA GODOFREDO VIANA,64,,TANQUE - JACAREPAGUA,22730020,021 2333-6676,021 2333-6677,IEDS@SAUDE.RJ.GOV.BR,"-22.9138315","-43.3642721",18/09/2012,04,UNIDADE SEM ATIVIDADE DE ENSINO,07,HOSPITAL ESPECIALIZADO,1023,ORGAO PUBLICO DO PODER EXECUTIVO ESTADUAL OU DO DISTRITO FEDERAL
2280701,42498717004142,SECRETARIA DE ESTADO DE SAUDE DO RIO DE JANEIRO,SES RJ CAPS AD CENTRA RIO,RUA DONA MARIANA,151,,BOTAFOGO,22280020,(21) 2334-8109,(21) 2334-8108,,"-22.9545002","-43.1879307",23/07/2012,04,UNIDADE SEM ATIVIDADE DE ENSINO,70,CENTRO DE ATENCAO PSICOSSOCIAL,1023,ORGAO PUBLICO DO PODER EXECUTIVO ESTADUAL OU DO DISTRITO FEDERAL
2298120,42498717000740,SES RJ HOSPITAL ESTADUAL ALBERT SCHWEITZER,SES RJ HOSPITAL ESTADUAL ALBERT SCHWEITZER,RUA NILOPOLIS,629,,REALENGO,21725090,23334775,23334775,faturamento.f8@hmtjrj.org.br,"-22.867238875036896","-43.44194769859314",04/01/2013,04,UNIDADE SEM ATIVIDADE DE ENSINO,05,HOSPITAL GERAL,1023,ORGAO PUBLICO DO PODER EXECUTIVO ESTADUAL OU DO DISTRITO FEDERAL
2270234,42498717000317,SECRETARIA DE ESTADO DE SAUDE DO RIO DE JANEIRO,SES RJ HOSPITAL ESTADUAL GETULIO VARGAS,AVENIDA LOBO JUNIOR,2293,,PENHA CIRCULAR,21070061,(21) 2334-7835,(21) 2334-7843,manuel.domingues@hegvprosaude.org.br,"-22.8396404","-43.2863057",03/08/2012,03,UNIDADE AUXILIAR DE ENSINO,05,HOSPITAL GERAL,1023,ORGAO PUBLICO DO PODER EXECUTIVO ESTADUAL OU DO DISTRITO FEDERAL
7811055,13280461000107,SMART DIAGNOSTICO POR IMAGEM DA FACE LTDA,SMART DIAGNOSTICO POR IMAGEM DA FACE,RUA PINTO DE FIGUEIREDO,55,SALAS 801 E 802,TIJUCA,20511240,22249742,22247336,mrclctld@yahoo.com.br,"-22.9255666","-43.23553070000003",15/07/2015,04,UNIDADE SEM ATIVIDADE DE ENSINO,36,CLINICA/CENTRO DE ESPECIALIDADE,2240,SOCIEDADE SIMPLES LIMITADA
6044697,10344235000154,SMSDC RIO CAPS AD MANE GARRINCHA - AP 22,SMS CAPS AD MANE GARRINCHA - AP 22,AVENIDA PROFESSOR MANOEL DE ABREU,196,,MARACANA,20550170,21 2284-6860,21 2284-6339,capsadmanegarrincha@rio.rj.gov.br,"-22.914211","-43.2342165",09/07/2012,04,UNIDADE SEM ATIVIDADE DE ENSINO,70,CENTRO DE ATENCAO PSICOSSOCIAL,1031,ORGAO PUBLICO DO PODER EXECUTIVO MUNICIPAL
5179726,,SMS RIO CF ALOYSIO AUGUSTO NOVIS - AP 31,SMS CF ALOYSIO AUGUSTO NOVIS - AP 31,AVENIDA BRAS DE PINA,651,,PENHA CIRCULAR,21070031,8440-4562,2270-5732,cfaloysionovis@vivario.org.br,"-22.8375657","-43.290104",11/12/2012,04,UNIDADE SEM ATIVIDADE DE ENSINO,02,CENTRO DE SAUDE/UNIDADE BASICA,1031,ORGAO PUBLICO DO PODER EXECUTIVO MUNICIPAL
6568491,,SMS RIO CF MARIA SEBASTIANA DE OLIVEIRA - AP 31,SMS CF MARIA SEBASTIANA DE OLIVEIRA - AP 31,AVENIDA DOS MAGISTERIOS,S/N,PRAIA DA ROSA,ILHA DO GOVERNADOR,21920455,(21) 2462-4720,,cfmariasebastianadeoliveira@vivario.org.br,"-22.7940999","-43.1974404",11/12/2012,04,UNIDADE SEM ATIVIDADE DE ENSINO,02,CENTRO DE SAUDE/UNIDADE BASICA,1031,ORGAO PUBLICO DO PODER EXECUTIVO MUNICIPAL
6927319,,SMS RIO CF PADRE JOSE DE AZEVEDO TIUBA - AP 40,SMS CF PADRE JOSE DE AZEVEDO TIUBA - AP 40,RUA ACAPORI,SEM,PRACA LUDOVIA,GARDENIA AZUL,22765650,(21)24262061,,ger.pjat.cap40@iabas.org.br,"-22.960774133057324","-43.352941274642944",24/05/2013,04,UNIDADE SEM ATIVIDADE DE ENSINO,02,CENTRO DE SAUDE/UNIDADE BASICA,1031,ORGAO PUBLICO DO PODER EXECUTIVO MUNICIPAL
3785025,,SMS RIO CF RECANTO DO TROVADOR - AP 22,SMS CF RECANTO DO TROVADOR - AP 22,RUA VISCONDE DE SANTA ISABEL,272,RECANTO DO TROVADOR,VILA ISABEL,20560120,2577-7097,,gerencia.recantodotrovador@gmail.com,"-22.9150702","-43.2612813",09/07/2012,04,UNIDADE SEM ATIVIDADE DE ENSINO,02,CENTRO DE SAUDE/UNIDADE BASICA,1031,ORGAO PUBLICO DO PODER EXECUTIVO MUNICIPAL
6514022,,SMS RIO CF VICTOR VALLA - AP 31,SMS CF VICTOR VALLA - AP 31,AVENIDA DOM HELDER CAMARA,1390,FUNDOS,MANGUINHOS,20973011,(21)22014476,,csfvictorvalla@gmail.com,"-22.88566444448447","-43.25095295906067",,04,UNIDADE SEM ATIVIDADE DE ENSINO,02,CENTRO DE SAUDE/UNIDADE BASICA,1031,ORGAO PUBLICO DO PODER EXECUTIVO MUNICIPAL
3784975,,SMS RIO CF ZILDA ARNS - AP 31,SMS CF ZILDA ARNS - AP 31,ESTRADA ITARARE,951,SUBSOLO,COMPLEXO DO ALEMAO,21061240,(21)2290-4418,(21)2270-7989,cfzildaarns@vivario.org.br,"-22.8636262","-43.2685351",11/12/2012,04,UNIDADE SEM ATIVIDADE DE ENSINO,02,CENTRO DE SAUDE/UNIDADE BASICA,1031,ORGAO PUBLICO DO PODER EXECUTIVO MUNICIPAL
2295326,29468055001770,SMS RIO CMR OSCAR CLARK - AP 22,SMS CMR OSCAR CLARK - AP 22,RUA GENERAL CANABARRO,345,,MARACANA,20271202,22841849,22841849,ioc@rio.rj.gov.br,"-22.9135918","-43.2253144",09/07/2012,04,UNIDADE SEM ATIVIDADE DE ENSINO,36,CLINICA/CENTRO DE ESPECIALIDADE,1031,ORGAO PUBLICO DO PODER EXECUTIVO MUNICIPAL
2778696,,SMS RIO CMS CARLOS FIGUEIREDO FILHO / BOREL - AP 22,SMS CMS CARLOS FIGUEIREDO FILHO / BOREL - AP 22,RUA SAO MIGUEL,S/Nº,,TIJUCA,20530420,25701688,25755056,gerencia.borel@gmail.com,"-22.940244401276064","-43.25294852256775",09/07/2012,04,UNIDADE SEM ATIVIDADE DE ENSINO,02,CENTRO DE SAUDE/UNIDADE BASICA,1031,ORGAO PUBLICO DO PODER EXECUTIVO MUNICIPAL
2270579,29468055006909,SMS RIO CMS DR EITHEL PINHEIRO DE OLIVEIRA LIMA - AP 51,SMS CMS DR EITHEL PINHEIRO DE OLIVEIRA LIMA - AP 51,ESTRADA DO TAQUARAL,S/N,RUA M COM RUA C,SENADOR CAMARA,21842550,33329207,33385870,psepolima@rio.rj.gov.br,"-22.869028162774874","-43.482996225357056",22/01/2013,04,UNIDADE SEM ATIVIDADE DE ENSINO,02,CENTRO DE SAUDE/UNIDADE BASICA,1031,ORGAO PUBLICO DO PODER EXECUTIVO MUNICIPAL
2269376,29468055002580,SMS RIO CMS HEITOR BELTRAO - AP 22,SMS CMS HEITOR BELTRAO - AP 22,RUA DESEMBARGADOR ISIDRO,144,,TIJUCA,20521160,22686642,34378007,cmshbeltrao@rio.rj.gov.br,"-22.9299665","-43.2341661",09/07/2012,04,UNIDADE SEM ATIVIDADE DE ENSINO,02,CENTRO DE SAUDE/UNIDADE BASICA,1031,ORGAO PUBLICO DO PODER EXECUTIVO MUNICIPAL
7414226,,SMS RIO CMS HELIO PELLEGRINO - AP 22,SMS CMS HELIO PELLEGRINO - AP 22,RUA DO MATOSO,96,A - PREDIO ANEXO,PRACA DA BANDEIRA,20270133,25029546,,gerencia.hpellegrino@gmail.com,"-22.9144187","-43.213055",09/07/2012,04,UNIDADE SEM ATIVIDADE DE ENSINO,02,CENTRO DE SAUDE/UNIDADE BASICA,1031,ORGAO PUBLICO DO PODER EXECUTIVO MUNICIPAL
2280795,29468055002237,SMS RIO CMS JOAO BARROS BARRETO - AP 21,SMS CMS JOAO BARROS BARRETO - AP 21,RUA TENREIRO ARANHA,S/N,,COPACABANA,22031090,(21) 3208-5295,(21) 3208-5614,simone.annes@gmail.com,"-22.967126060847373","-43.18726658821106",12/03/2014,04,UNIDADE SEM ATIVIDADE DE ENSINO,02,CENTRO DE SAUDE/UNIDADE BASICA,1031,ORGAO PUBLICO DO PODER EXECUTIVO MUNICIPAL
3784959,,SMS RIO CMS JOAO CANDIDO - AP 31,SMS CMS JOAO CANDIDO - AP 31,AV. LOBO JR.,83,,PENHA CIRCULAR,21011065,(02)125845122,,usfjoaocandido@vivario.org.br,"-22.8222837","-43.2715042",11/12/2012,04,UNIDADE SEM ATIVIDADE DE ENSINO,02,CENTRO DE SAUDE/UNIDADE BASICA,1031,ORGAO PUBLICO DO PODER EXECUTIVO MUNICIPAL
6664164,,SMS RIO CMS JOSE PARANHOS FONTENELLE - AP 31,SMS CMS JOSE PARANHOS FONTENELLE - AP 31,RUA SAO GODOFREDO,45,,PENHA,21021230,(021)22705488,,cmsjosefontenele@vivario.org.br,"-22.8369444","-43.2777778",11/12/2012,04,UNIDADE SEM ATIVIDADE DE ENSINO,02,CENTRO DE SAUDE/UNIDADE BASICA,1031,ORGAO PUBLICO DO PODER EXECUTIVO MUNICIPAL
2280272,29468055002660,SMS RIO CMS MARIA AUGUSTA ESTRELLA - AP 22,SMS CMS MARIA AUGUSTA ESTRELLA - AP 22,RUA VISCONDE DE SANTA ISABEL,56,,VILA ISABEL,20560121,31116100,,cmsmaestrella@rio.rj.gov.br,"-22.9164538","-43.2532464",09/07/2012,04,UNIDADE SEM ATIVIDADE DE ENSINO,02,CENTRO DE SAUDE/UNIDADE BASICA,1031,ORGAO PUBLICO DO PODER EXECUTIVO MUNICIPAL
2295032,03207923000107,SMS RIO CMS MARIA CRISTINA ROMA PAUGARTTEN - AP 31,SMS CMS MARIA CRISTINA ROMA PAUGARTTEN - AP 31,RUA JOAQUIM GOMES,S/N,,RAMOS,21040060,(21)22709846,(21)22709846,cmsmariacristina@vivario.org.br,"-22.851928","-43.251818",11/12/2012,04,UNIDADE SEM ATIVIDADE DE ENSINO,02,CENTRO DE SAUDE/UNIDADE BASICA,1031,ORGAO PUBLICO DO PODER EXECUTIVO MUNICIPAL
2296535,29468055006224,SMS RIO CMS DR NAGIB JORGE FARAH - AP 31,SMS CMS NAGIB JORGE FARAH - AP 31,PRACA SOLDADO MICHEL CHEIB,S/N,PRACA CENTRAL DO JA,JARDIM AMERICA,21240780,33577006,33577018,psnjfarah@rio.rj.gov.br,"-22.8094598","-43.3214682",,04,UNIDADE SEM ATIVIDADE DE ENSINO,02,CENTRO DE SAUDE/UNIDADE BASICA,1031,ORGAO PUBLICO DO PODER EXECUTIVO MUNICIPAL
2280779,29468055003713,SMS RIO CMS NECKER PINTO - AP 31,SMS CMS NECKER PINTO - AP 31,ESTRADA RIO JEQUIA,428,ZUMBI,ILHA DO GOVERNADOR,21930007,(21)33675199,(21)33675171,cmsnpinto@rio.rj.gov.br,"-22.8208592","-43.1775131",11/12/2012,03,UNIDADE AUXILIAR DE ENSINO,02,CENTRO DE SAUDE/UNIDADE BASICA,1031,ORGAO PUBLICO DO PODER EXECUTIVO MUNICIPAL
2280280,29468055004604,SMS RIO CMS NICOLA ALBANO - AP 22,SMS CMS NICOLA ALBANO - AP 22,RUA BOA VISTA,190,,ALTO DA BOA VISTA,20531610,24848312,,gerencia.altodaboavista@gmail.com,"-22.9604476","-43.2708799",09/07/2012,04,UNIDADE SEM ATIVIDADE DE ENSINO,02,CENTRO DE SAUDE/UNIDADE BASICA,1031,ORGAO PUBLICO DO PODER EXECUTIVO MUNICIPAL
2277328,29468055001931,SMS RIO CMS OSWALDO CRUZ - AP 10,SMS CMS OSWALDO CRUZ - AP 10,AV HENRIQUE VALADARES,151,,CENTRO,20231031,(21) 22248054,(21) 21133985,cmsoc@rio.rj.gov.br,"-22.9129159","-43.1907886",03/08/2012,04,UNIDADE SEM ATIVIDADE DE ENSINO,02,CENTRO DE SAUDE/UNIDADE BASICA,1031,ORGAO PUBLICO DO PODER EXECUTIVO MUNICIPAL
5467136,,SMS RIO CMS PARQUE ROYAL - AP 31,SMS CMS PARQUE ROYAL - AP 31,RUA JORNALISTA ALAIDE PIRES,25,PARQUE ROYAL,PORTUGUESA - ILHA DO GOVERNADOR,21931615,(21)3367-2626,(21)2465-7115,usfparqueroyal@vivario.org.br,"-22.7948159","-43.2097175",11/12/2012,04,UNIDADE SEM ATIVIDADE DE ENSINO,02,CENTRO DE SAUDE/UNIDADE BASICA,1031,ORGAO PUBLICO DO PODER EXECUTIVO MUNICIPAL
6028233,,SMS RIO CMS TURANO - AP 10,SMS CMS TURANO - AP 10,RUA AURELIANO PORTUGAL,289,,RIO COMPRIDO,20261160,3449-0778,,gerencia.turano@gmail.com,"-22.9255382","-43.2148555",09/07/2012,04,UNIDADE SEM ATIVIDADE DE ENSINO,02,CENTRO DE SAUDE/UNIDADE BASICA,1031,ORGAO PUBLICO DO PODER EXECUTIVO MUNICIPAL
6716911,,SMS RIO COORD DE EMERGENCIA REGIONAL CER CENTRO - AP 10,SMS COORD DE EMERGENCIA REGIONAL CER CENTRO - AP 10,RUA FREI CANECA,SN,PROXIMO AO NRO 52,CENTRO,20211030,21-25071311,,leandro.castro@institutognosis.com.br,"-22.909290786015852","-43.18980127573013",17/06/2013,04,UNIDADE SEM ATIVIDADE DE ENSINO,20,PRONTO SOCORRO GERAL,1031,ORGAO PUBLICO DO PODER EXECUTIVO MUNICIPAL
7107366,,SMS RIO COORD DE EMERGENCIA REGIONAL CER ILHA DO GOV - AP 31,SMS COORD DE EMERGENCIA REGIONAL CER ILHA DO GOV - AP 31,ESTRADA DO GALEAO,2920,,PORTUGUESA,21931582,21 3353-6135,,kamila.conde@cejam.org.br,"-22.8052174","-43.2110472",17/06/2013,04,UNIDADE SEM ATIVIDADE DE ENSINO,20,PRONTO SOCORRO GERAL,1031,ORGAO PUBLICO DO PODER EXECUTIVO MUNICIPAL
5671388,,SMS RIO COORDENADORIA GERAL DE ATENCAO PRIMARIA - AP 22,SMS COORDENADORIA GERAL DE ATENCAO PRIMARIA - AP 22,RUA CONDE DE BONFIM,764,,TIJUCA,20530002,22789271,22881433,cap22@rio.rj.gov.br,"-22.9339806","-43.2425756",09/07/2012,04,UNIDADE SEM ATIVIDADE DE ENSINO,68,SECRETARIA DE SAUDE,1031,ORGAO PUBLICO DO PODER EXECUTIVO MUNICIPAL
7041624,,SMS RIO HOSPITAL MUNICIPAL DA MULHER MARISKA RIBEIRO - AP 51,SMS HOSPITAL MUNICIPAL DA MULHER MARISKA RIBEIRO - AP 51,PRACA 1 DE MAIO,SN,,BANGU,21830006,21 37470428,21 37470470,hmmr@cep28.org.br,"-22.876615074054598","-43.4731525182724",08/08/2012,04,UNIDADE SEM ATIVIDADE DE ENSINO,07,HOSPITAL ESPECIALIZADO,1031,ORGAO PUBLICO DO PODER EXECUTIVO MUNICIPAL
7166494,,SMS RIO HOSPITAL MUNICIPAL EVANDRO FREIRE - AP 31,SMS HOSPITAL MUNICIPAL EVANDRO FREIRE - AP 31,ESTRADA DO GALEAO,2920,,PORTUGUESA ILHA DO GOVERNADOR,21931582,21 3393-7085,,kamila.conde@cejam.org.br,"-22.80518743242434","-43.21065545082092",17/06/2013,04,UNIDADE SEM ATIVIDADE DE ENSINO,05,HOSPITAL GERAL,1031,ORGAO PUBLICO DO PODER EXECUTIVO MUNICIPAL
2273381,03390337000140,SMS RIO HOSPITAL MUNICIPAL JURANDYR MANFREDINI - AP 40,SMS HOSPITAL MUNICIPAL JURANDYR MANFREDINI - AP 40,RUA SAMPAIO CORREIA,SN,,JACAREPAGUA,22713560,(21) 3432-2246,(21) 3432-2246,hmjmanfredini@pcrj.rj.gov.br,"-22.93771501768337","-43.3899986743927",,03,UNIDADE AUXILIAR DE ENSINO,07,HOSPITAL ESPECIALIZADO,1031,ORGAO PUBLICO DO PODER EXECUTIVO MUNICIPAL
2269996,03389961000128,SMS RIO IMAS JULIANO MOREIRA - AP 40,SMS IMAS JULIANO MOREIRA - AP 40,ESTRADA RODRIGUES CALDAS,3400,,JACAREPAGUA,22713375,(21)3432-2358,(21)3432 2358,imasjulianomoreira.nig@gmail.com,"-22.9395132","-43.408059",,03,UNIDADE AUXILIAR DE ENSINO,07,HOSPITAL ESPECIALIZADO,1031,ORGAO PUBLICO DO PODER EXECUTIVO MUNICIPAL
2280248,29468055009088,SMS RIO MATERNIDADE CARMELA DUTRA AP 32,SMS MATERNIDADE CARMELA DUTRA AP 32,RUA AQUIDABA,1037,,LINS DE VASCONCELOS,20720292,(21) 31116766,(21) 31116763,hmatcdutra@rio.rj.gov.br,"-22.91114375524574","-43.29091787338257",26/05/2014,03,UNIDADE AUXILIAR DE ENSINO,07,HOSPITAL ESPECIALIZADO,1031,ORGAO PUBLICO DO PODER EXECUTIVO MUNICIPAL
2269368,03207914000116,SMS RIO POLICLINICA HELIO PELLEGRINO - AP 22,SMS POLICLINICA HELIO PELLEGRINO - AP 22,RUA DO MATOSO,96,,PRACA DA BANDEIRA,20270133,22736222,22731244,pamhpellegrino@rio.rj.gov.br,"-22.9144187","-43.213055",09/07/2012,04,UNIDADE SEM ATIVIDADE DE ENSINO,04,POLICLINICA,1031,ORGAO PUBLICO DO PODER EXECUTIVO MUNICIPAL
2296527,29468055002822,SMS RIO POLICLINICA JOSE PARANHOS FONTENELLE - AP 31,SMS POLICLINICA JOSE PARANHOS FONTENELLE - AP 31,RUA LEOPOLDINA REGO,700,,PENHA,21021522,(21)31116925,(21)31116920,pfontenelle@rio.rj.gov.br,"-22.8437498","-43.2685007",11/12/2012,04,UNIDADE SEM ATIVIDADE DE ENSINO,04,POLICLINICA,1031,ORGAO PUBLICO DO PODER EXECUTIVO MUNICIPAL
7473508,,TANIA MARIA PATRICIO CONDE,TANIA MARIA PATRICIO CONDE,AV AYRTON SENNA,3000,PARTE 3 SALA 4103,BARRA DA TIJUCA,22775003,34158042,,conde2002@globo.com,"-22.9825603","-43.364296999999965",13/04/2014,04,UNIDADE SEM ATIVIDADE DE ENSINO,22,CONSULTORIO ISOLADO,4000,PESSOA FISICA
7609140,,TANIA REGINA ABREU DE ALMEIDA,TANIA REGINA ABREU DE ALMEIDA,RUA REAL GRANDEZA,182,CASA 2,BOTAFOGO,22281036,25372322,,taniaabreualmeida@gmail.com,"-22.955097","-43.19264850000002",23/10/2014,04,UNIDADE SEM ATIVIDADE DE ENSINO,22,CONSULTORIO ISOLADO,4000,PESSOA FISICA
2269783,33540014001714,UERJ HUPE HOSPITAL UNIVERSITARIO PEDRO ERNESTO,UERJ HOSPITAL UNIV PEDRO ERNESTO,AV 28 DE SETEMBRO,77,,VILA ISABEL,20551900,(21)2868-8000,(21)2868-8444,faturamento.hupe@uerj.br,"-22.9142814","-43.2370484",24/08/2012,05,HOSPITAL DE ENSINO,05,HOSPITAL GERAL,1147,FUNDACAO ESTADUAL OU DO DISTRITO FEDERAL
7031246,,UERJ NUCLEO TEC CIENTIFICO TELESSAUDE BRASIL REDES DO EST RJ,UERJ NUCLEO TEC CIENTIFICO TELESSAUDE BRASIL REDES DO EST RJ,AVENIDA VINTE E OITO DE SETEMBRO,77,HUPE SALA 126,VILA ISABEL,20551900,2128688000,2128688152,coordenacao@telessaude.uerj.br,"-22.9142814","-43.2370484",04/07/2012,01,UNIDADE UNIVERSITARIA,75,TELESSAUDE,1147,FUNDACAO ESTADUAL OU DO DISTRITO FEDERAL
7001053,42392290000106,UNCLE UNIAO DE CLINICAS ESPECIALIZADAS LTDA,UNCLE UNIAO DE CLINICAS ESPECIALIZADAS,ESTRADA ADHEMAR BEBIANO,3960,,ENGENHO DA RAINHA,20766721,22512693,,irianbio@gmail.com,"-22.8650069","-43.29357060000001",22/05/2015,04,UNIDADE SEM ATIVIDADE DE ENSINO,22,CONSULTORIO ISOLADO,2240,SOCIEDADE SIMPLES LIMITADA
7379781,,WARLEY DIAS SIQUEIRA MENDES,WARLEY DIAS SIQUEIRA MENDES,AVENIDA DAS AMERICAS,16150,211,RECREIO DOS BANDEIRA,22790704,21976741,21976741,cw3@ig.com.br,"-23.014765","-43.4689724",14/11/2013,04,UNIDADE SEM ATIVIDADE DE ENSINO,22,CONSULTORIO ISOLADO,4000,PESSOA FISICA
